,0
0,3.548351908300525
1,4.613033178552998
2,4.991902983155466
3,8.414015697759119
4,6.005601843015116
5,-3.3886149791027647
6,6.892531129648072
7,4.58469631575215
8,4.259557779568524
9,3.081622414689504
10,3.316151102362034
11,3.2378799646331897
12,2.478609671231582
13,2.789629796887304
14,7.681292863763593
15,2.901791113171279
16,5.436271623155486
17,1.7607699621809225
18,6.464340329759918
19,4.87517241335846
20,4.5352723493979035
21,7.405413001367842
22,1.9211132474517612
23,3.6964160332089513
24,6.7772645770464806
25,3.5142072028790574
26,7.846680568237626
27,2.091710321991765
28,2.189094910179163
29,4.526281977581407
30,2.9647003055761543
31,4.332361961781628
32,2.7836085890153357
33,7.533679415383292
34,-0.28962348791315373
35,2.8587206719059712
36,7.644492097966975
37,2.035476091723324
38,4.760615089182957
39,2.9357752483438624
40,7.258739913022012
41,9.874318725151388
42,7.280674438744365
43,4.6926278318231684
44,7.727017075198171
45,6.208596432052572
46,6.541323981803099
47,5.966273541468893
48,2.713343872339196
49,5.464530794636682
50,3.8760764831760284
51,6.761714881570057
52,9.128494470042506
53,2.6564944243986357
54,4.3335451207189575
55,7.8211108068644055
56,6.434587705896169
57,3.272957753812311
58,6.64970368297559
59,6.3810139268603265
60,5.745594643208792
61,3.7412573258307007
62,2.5322618157397523
63,4.81672111380251
64,3.483339196728487
65,3.3733331002532347
66,3.2326103637455654
67,2.2681586588540226
68,2.5591464541933275
69,8.358383361292322
70,3.4806066440700563
71,3.224555262651317
72,1.9018760524569376
73,4.723609721529443
74,3.3982385628610516
75,2.511568253928444
76,4.742315780524234
77,3.185138818429409
78,3.028618776374215
79,7.0250713970789125
80,8.377469621623565
81,4.254989346551069
82,7.878752116889812
83,6.910188127306993
84,3.036219534249059
85,4.725399957988808
86,8.527195576690406
87,6.997736103121023
88,6.299762090410353
89,2.5153251447537963
90,6.3811028907760985
91,10.224588565347666
92,2.843211611693005
93,9.072536953050177
94,5.204751095999489
95,8.34568410811352
96,1.2628818336632162
97,4.653595199873695
98,6.985893113138387
99,5.047084116616232
100,8.212807366590289
101,3.7688860650404123
102,4.446204587356363
103,2.97887192758946
104,1.972808947965951
105,2.64596821353282
106,8.905020807858893
107,7.41254613864146
108,8.29896510688754
109,9.197514414003043
110,2.956024684370594
111,4.635490234843228
112,3.272274852916494
113,3.227057425639278
114,6.691913893461129
115,3.6366946822628408
116,6.265688017629733
117,3.257056749334602
118,2.2170435557189796
119,1.3035404509329176
120,8.500909340831836
121,5.9173997343546585
122,8.957614199182938
123,3.44800721109008
124,3.002355566759902
125,2.1624512207992885
126,1.7608000503090466
127,2.4330662908309413
128,4.611729611789257
129,4.0202431338935956
130,8.775486226912625
131,3.0507750387503934
132,8.063179435593076
133,4.862266043057653
134,6.1970255831908965
135,6.648243670571636
136,3.4559812816026936
137,1.677159780767159
138,6.214676727636789
139,3.04951095223282
140,10.299536962353702
141,4.224036283560803
142,2.005536455142802
143,4.137373027528431
144,3.99135568260301
145,1.4063083694835736
146,2.132891515057592
147,9.169159699949086
148,6.402107446071456
149,10.968904583177448
150,3.5160935313409625
151,5.5738586155285645
152,2.151056214243206
153,5.325180406621032
154,3.533685493897532
155,5.9324150447931885
156,8.781701060174463
157,9.289159971685931
158,1.7854027158214099
159,2.395682466202402
160,6.892676546406278
161,4.42040620390714
162,1.6244716018368028
163,5.094439606332108
164,4.731821430530383
165,7.973261703383332
166,2.051035126522231
167,5.572114884717079
168,9.662019467925175
169,4.539486738613759
170,3.36498250896274
171,2.689233704028431
172,2.3392625053000686
173,4.289488707280427
174,3.8710166681531297
175,5.037360301620742
176,3.2794975091844676
177,7.283898426384219
178,2.031028160744429
179,2.7885251146029346
180,8.799173547085323
181,9.0849967499557
182,6.315100917243526
183,3.657180939344876
184,2.674525254331488
185,4.449521218856174
186,4.682355270101587
187,7.175109920420458
188,7.510217377598158
189,4.41845219350534
190,4.0437344958890895
191,6.047470588957426
192,3.080281267224002
193,9.978315472152795
194,8.835833754988723
195,6.498760180182797
196,2.208243469196691
197,8.172151985423247
198,7.608689239178631
199,2.4921459151675545
200,5.014293349182604
201,6.480551613626773
202,5.008038243620016
203,7.182670254966905
204,7.408161510371423
205,3.5009255041041967
206,9.917606713263687
207,7.043612289704285
208,10.475841789606715
209,3.603548859853936
210,6.139205722259041
211,2.9935841544200015
212,6.867649136123193
213,2.345850723956151
214,7.041413777472689
215,3.41919358638281
216,6.917620948626262
217,5.31147162758825
218,10.730495505454753
219,7.008688998055311
220,6.35669708935197
221,3.2232624988437926
222,4.34923028403765
223,7.915455608155781
224,8.323054588982504
225,6.916993894509941
226,7.1626288212219915
227,8.109732473745495
228,4.357395364896456
229,3.1668629025952586
230,7.103070305184549
231,5.385913071524273
232,6.144766769657262
233,7.583347383051904
234,11.037820779503928
235,3.677141635047407
236,7.3081190923712285
237,2.2905475019833017
238,1.7743755132714163
239,2.631561117984831
240,4.181217688203369
241,1.4913687682795547
242,9.226317908811481
243,5.134396364851129
244,4.934419319483784
245,7.456491210102136
246,3.248572046559464
247,6.083655168277152
248,5.643562443056243
249,10.225849235330362
250,9.123708968864392
251,5.653836228495216
252,3.126547200390239
253,4.640177152603885
254,2.898397942880277
255,3.9101222943878957
256,7.491255701062454
257,2.6850814294407823
258,4.077841325205515
259,6.611000664910401
260,2.4627348415601764
261,4.977939157748499
262,4.331481846305904
263,7.547581992987354
264,3.8597738498971284
265,3.2048690711251773
266,6.693510631872681
267,3.209602683673926
268,7.3008391899036
269,5.345683234852059
270,4.426980401778218
271,5.073118226162793
272,3.0655702646859013
273,3.295796623486356
274,8.55007813084163
275,4.644321776930042
276,1.8589740117689324
277,4.590085422328718
278,2.86662795411244
279,3.40482899406543
280,3.1393071416591405
281,2.1924617064778915
282,6.25342799679394
283,8.966412573733583
284,9.647393761680483
285,3.264074577045328
286,8.1411201164649
287,7.4696573921717
288,2.4888583580891535
289,1.8103897753937335
290,4.144982764425423
291,4.2440877211488095
292,2.706175110926906
293,1.870184947027758
294,3.9101734305054996
295,3.394511032900379
296,8.662711579209788
297,5.520377688866993
298,2.524966011035849
299,3.0712217658662366
300,3.462805845280806
301,5.015352843207022
302,3.425489674737027
303,5.456952127618019
304,8.463342983287557
305,4.707255320150763
306,8.833077360066863
307,3.3624938639039756
308,3.1534302231561364
309,5.215370405740187
310,3.56700966378074
311,4.978381844113027
312,2.589053017063358
313,0.9460343442543143
314,8.83204608797459
315,4.039551729613504
316,5.115904109188277
317,6.135581274094372
318,8.303307840912453
319,1.8549308849061137
320,2.384182230896408
321,2.7575131305225073
322,3.726756677187418
323,9.44084226465541
324,3.1213763619559574
325,8.835497410538228
326,7.483589253657064
327,6.192406726519031
328,3.2107280520058525
329,4.420701777226496
330,7.860988675150518
331,2.809026803968277
332,6.7885264572362
333,7.357775597690816
334,5.314478381167236
335,2.824559707992417
336,9.508070942103448
337,5.560347354852346
338,1.2932357130146253
339,4.587166666821085
340,3.7519265206191137
341,7.729221785109418
342,2.4653077130693086
343,5.917290634541751
344,5.150210284121923
345,5.7051867517761385
346,5.034287056202039
347,3.9850485743799693
348,6.326128611155883
349,3.8621145684756035
350,3.382203682825552
351,2.153775633506867
352,6.1151765206464965
353,3.244162542004358
354,4.214199188349339
355,2.681195593900738
356,8.176682094765459
357,9.99927583673054
358,4.471760529549896
359,7.393342382250791
360,6.5124484482289375
361,8.044932859391123
362,2.9578624048475164
363,8.066606536628136
364,2.3927405947814133
365,1.648170266589678
366,3.898597521096856
367,5.69889776513885
368,7.520705549150955
369,3.653641035986856
370,4.545845555223783
371,4.886235594088072
372,5.814578150682472
373,2.909844756350494
374,3.132812618223638
375,0.6384120136324827
376,3.464716787636111
377,8.602616819765151
378,3.976469284722703
379,0.8298933598782646
380,5.357950632392286
381,9.4361810513583
382,11.148484701369268
383,4.245619622267026
384,6.290296729377689
385,7.436795589381932
386,6.781158169168146
387,8.53267488176625
388,4.318957700416635
389,1.9691822290867147
390,3.772266871262481
391,5.871307074268724
392,10.937653065709775
393,2.8473145293210043
394,3.0592295967690872
395,2.990250019592122
396,7.507201153133552
397,2.035056073941831
398,6.205812818299628
399,3.9538615382775033
400,7.883942501490109
401,3.208683084452788
402,2.6941244695250246
403,3.9246986238436676
404,8.013907700760193
405,4.729088140095856
406,4.79672964499581
407,3.142061526415825
408,5.248973722424781
409,3.5604796476216976
410,4.63751229926581
411,9.953309164910312
412,5.512306669518399
413,9.089990831035582
414,5.021198801683822
415,7.649419976210328
416,5.30644567384094
417,6.48987399689468
418,7.109740824915795
419,2.2776315825724476
420,3.237045446705095
421,4.41159828398353
422,6.132998979385569
423,3.484675831098302
424,4.647981326889772
425,8.47422118804837
426,1.9214289772544362
427,9.851599167875644
428,9.688611394997247
429,9.246663146093226
430,7.456180463004252
431,1.8912242247314623
432,5.841151559063172
433,4.473647306015122
434,7.933426017127256
435,5.87804576769277
436,9.11314901915028
437,6.3270622473993665
438,2.167619317119995
439,4.731531400579686
440,2.609069282236866
441,1.4174730808597815
442,3.570040111723588
443,2.704978393308551
444,8.963223280206169
445,4.586621609441254
446,1.2345658791409488
447,3.9281607526872606
448,3.866024259029784
449,7.518743730290792
450,2.4121762358491146
451,6.519659193788925
452,2.6984945859182328
453,3.3214252999317666
454,2.0345589806189577
455,5.723047477110526
456,4.471504914726063
457,6.463996319824557
458,3.5431358001646545
459,3.028969754720431
460,3.232660918334499
461,4.607473745087104
462,7.818106465188265
463,8.994975168100831
464,7.909361253397435
465,6.738834866288698
466,4.2620254599639775
467,2.8680310028836216
468,8.474077994171571
469,1.5627744949870923
470,6.807193082267274
471,8.806531989847631
472,5.844014346022543
473,2.625451860555752
474,8.410341790474481
475,4.03244148624715
476,6.076342574531219
477,8.073969649499942
478,4.517191612238666
479,3.7483531272087447
480,7.834926456099839
481,8.601939683976136
482,3.973090487534924
483,3.570578700761781
484,7.8736209904053585
485,2.1032226928560913
486,3.5535402030732106
487,1.8933939240592994
488,8.762591847875289
489,3.495661723367403
490,2.680829764297001
491,2.681626745855426
492,2.5345156519431615
493,3.3422853355192688
494,5.017916285291173
495,5.941574016493528
496,3.6969496346030892
497,1.727150728891629
498,2.1595058583555997
499,3.2483007473765975
500,5.958192399478112
501,9.405840635347703
502,4.848698561424914
503,2.2686456623256106
504,6.9507716295782895
505,8.290618142896045
506,3.0970307471503333
507,6.082544857061618
508,4.321081636108575
509,3.841770884611281
510,3.562933414626761
511,1.633697176129587
512,2.0797813870376527
513,8.695779395723111
514,8.434686300565067
515,4.316823717872066
516,2.3169805881720555
517,4.7759662919741706
518,4.485390728187424
519,4.991955645712624
520,10.650798377743454
521,3.887358937740653
522,7.8609139287864735
523,8.593044234854833
524,4.039388802475569
525,2.2892764056816906
526,2.777011029027234
527,5.739467254165463
528,2.372369036148507
529,8.129972217901422
530,6.870842538361181
531,3.409727625240629
532,4.921161708644528
533,8.924896128266653
534,2.0282868901328186
535,4.692119580268312
536,3.7167653999826014
537,9.158120043224333
538,2.7352525300742703
539,8.058771146541938
540,9.894759597990568
541,2.787766124370409
542,4.807711606349663
543,8.565065699009375
544,3.8137857843060274
545,9.736897432881946
546,2.7276246245622833
547,2.404429527669509
548,9.310346137684045
549,3.140778880552881
550,9.299819264387441
551,5.009036663833956
552,8.747242121707506
553,9.07156113253593
554,7.068469683770289
555,5.9773687029350615
556,3.4166413736166716
557,5.122863892544634
558,1.8367526454305234
559,3.4088183983341374
560,0.723671423174138
561,4.501195391356773
562,8.674832820931474
563,2.5425429885833433
564,2.0668353385744145
565,1.858964644110801
566,3.545031649644288
567,6.970265327017749
568,3.215167323968405
569,2.658355124440084
570,6.992740589431362
571,8.77856505848342
572,4.529078897840871
573,5.037675585387021
574,2.6193704514429346
575,8.68078376109196
576,6.2838342907545135
577,7.974253718068579
578,4.486430687458063
579,5.5421610104396875
580,138.87156334525486
581,3.6265346019943343
582,3.8955480824108206
583,5.345586891491069
584,2.3969303408675366
585,1.6347953009194192
586,4.138872569618821
587,3.2086147713796604
588,4.248544833667462
589,1.393664774920852
590,8.630125737978172
591,2.825188524825019
592,3.984889551372855
593,9.836857791941572
594,9.54929367856148
595,2.9480914887570906
596,9.306959775877303
597,3.3970454972186204
598,5.329143218975853
599,9.25418922004741
600,1.7539181508001782
601,4.796305408177856
602,3.5993757217435536
603,3.4089105458483373
604,6.104211092786516
605,2.9588364839248387
606,6.711196610278554
607,3.8752861951339077
608,8.240626377841636
609,8.285134241954134
610,3.1473447124082403
611,5.6599011098834096
612,3.5762412599094517
613,5.092699437540409
614,4.699196535520903
615,1.5151752316891187
616,6.724651928529265
617,6.022224903614498
618,4.212545456799771
619,3.4984276129071956
620,8.794706776947667
621,2.607059128183111
622,0.26969382830388505
623,4.0942108248562255
624,2.3161873852056507
625,8.179912041778369
626,3.252275688332639
627,6.300680517185787
628,3.881583768444756
629,4.78129158303616
630,2.00993523120095
631,4.134531212859933
632,8.585502796805642
633,6.031808374298084
634,5.517995132145925
635,1.4235590072121016
636,3.795605197905869
637,2.694985393248706
638,5.709132153744001
639,4.924528566807403
640,7.743838666291635
641,8.669493567000657
642,5.956416703882917
643,5.1014485732214565
644,7.476927134617355
645,7.327110115495695
646,5.733449618480343
647,6.482653729838456
648,4.846308685646895
649,7.005213312900243
650,5.222747484052952
651,7.195834591932754
652,4.094937189267275
653,3.0735678724912203
654,2.593636171906971
655,9.310792454327501
656,3.390034901989858
657,4.513926833708577
658,4.323758592711515
659,6.9163829471986435
660,5.912144722675068
661,4.26032435819539
662,2.3790679366684104
663,4.001750059555995
664,7.519018756196074
665,8.599727396636817
666,6.122175414752143
667,8.004312151907554
668,3.1377203995086753
669,3.379346802656066
670,9.008724654114676
671,10.48401879834508
672,3.3075432333283388
673,3.645375227809491
674,8.416933532750626
675,9.094121364133455
676,5.806394082802162
677,6.845773787920575
678,3.4318645952860587
679,1.911203950280981
680,11.715586601237911
681,3.286292772338636
682,2.7659402706833935
683,7.78774934877635
684,7.941531302022139
685,2.123958190758604
686,3.352515208152181
687,6.364833421200061
688,5.295091051936868
689,9.780305808706114
690,3.89945675532192
691,3.081843432439141
692,6.911002487259045
693,8.719269662403896
694,1.9329824234783834
695,3.536552977878972
696,7.916613313798578
697,10.981763744340011
698,3.674584802265984
699,2.9663550371297953
700,4.2748186421288965
701,5.9457105513901585
702,8.054426499160066
703,3.4888127240033646
704,6.493191360520429
705,3.728448296226092
706,4.6074420173742485
707,3.1864373620457824
708,4.175046446628893
709,6.308439913001008
710,2.533328381321856
711,7.352426169247667
712,2.7010922131063198
713,8.19056953007542
714,5.521850874547303
715,3.3420762732302878
716,6.5666326411588285
717,2.7737442183149312
718,8.915752533231602
719,3.4630597437911446
720,2.2241470762265148
721,10.223885443660308
722,6.150753808846371
723,8.674344571607765
724,8.758231483747652
725,2.268492831346952
726,4.847159555689942
727,1.9378780443343004
728,6.728769415357604
729,7.143307557036778
730,10.380856676886781
731,2.7203839818553925
732,2.778857210662337
733,6.282896069779679
734,4.110797309323796
735,8.16368138686554
736,7.232088846219726
737,9.456960360757106
738,2.244038327414521
739,7.478053122399645
740,2.817953301234672
741,4.585869154074298
742,1.8390627322005724
743,7.719977059710163
744,4.497819740654787
745,1.4192271245474593
746,2.3994067252912417
747,7.0213612805188514
748,5.507004968039775
749,8.33202567289921
750,7.982923987526607
751,6.048424093906751
752,4.4562013010694885
753,3.0465144722507733
754,5.688923132476797
755,4.441200969063894
756,7.6529650666489175
757,6.334469932355526
758,1.664149151218234
759,5.107396990782717
760,10.598815772687812
761,1.9181774307880257
762,3.4718615444414924
763,3.7678486749063564
764,8.043940892339918
765,2.186382987866184
766,6.700564030975983
767,6.550493684767545
768,2.8099432030608393
769,9.538126161262628
770,1.7812408300797262
771,1.4195191053484497
772,3.6504812583884614
773,6.898167558800512
774,5.589322432700795
775,2.377224059643292
776,1.5203448008202078
777,3.275851855866334
778,7.826876890709902
779,1.5961465978871507
780,8.553362498603759
781,3.5453510462836277
782,7.81499151643772
783,8.094795348793337
784,2.3909356408366733
785,2.2066906400199064
786,4.520487535191941
787,2.779891226330917
788,6.021044285359014
789,8.643488549818771
790,4.141555173796571
791,6.554148160384938
792,3.290279014209287
793,2.1019807917714375
794,5.595321818695655
795,6.379082294742224
796,7.4399085407851615
797,8.392708555473538
798,4.181634570123844
799,4.3461484205704455
800,8.609323063996593
801,6.847094016471198
802,5.992989347310479
803,1.9408000248496093
804,3.5469782063022506
805,1.628528947673328
806,9.357562995633717
807,3.934554634934949
808,5.5884353568745535
809,7.648031758902131
810,2.604746502275911
811,5.3073947820508405
812,8.364586207286111
813,7.166000320156317
814,3.191232913187146
815,4.476930716597739
816,3.812071887234901
817,9.969992163090968
818,8.248598555889163
819,3.20073571473291
820,-2.9651353894874752
821,8.253827448475318
822,3.445357263007209
823,3.9270904319698507
824,5.396483359867696
825,7.283452314908752
826,7.039206238749247
827,2.540940348463178
828,5.622650902429982
829,2.6369628557733344
830,2.798680955599967
831,3.4449705370962667
832,7.148928416670472
833,7.910449990842144
834,7.823411504670657
835,8.051197598589056
836,3.708678990113026
837,1.201817998997222
838,1.1525192821223922
839,6.721755298949857
840,2.6880670291040754
841,2.8972817810729223
842,10.05014530550217
843,1.8900503011641239
844,2.3350713064431607
845,3.195970499937114
846,4.340327187063421
847,6.7381143687373655
848,1.8858559869434282
849,3.5184224144677514
850,1.267620366747373
851,6.635104757321559
852,5.160942968922718
853,10.351541366715328
854,10.183907328208567
855,4.53826298401821
856,3.253348715715159
857,4.1299197912434185
858,9.875530388920145
859,6.006656905728741
860,6.008126362480816
861,6.642785305073394
862,9.51658329572673
863,3.0189579428376314
864,4.049890866112122
865,8.236156458167816
866,2.0595461335797376
867,6.376898280539791
868,2.24418912287454
869,7.794904116589175
870,3.1513920053483124
871,3.300689208213842
872,7.934067845893702
873,2.706772511881919
874,8.655328219291478
875,1.961425257170578
876,8.175804776521186
877,8.332312608777684
878,2.069664954610867
879,5.457629677232611
880,8.578829967846053
881,4.356159004871015
882,6.8763577454597735
883,3.4606490197162527
884,3.4035538859052763
885,6.26344581051274
886,3.3925195887777706
887,6.08273127897476
888,6.324372905541777
889,2.9401353116535764
890,9.451138954971503
891,5.238165363643148
892,1.2081513464579867
893,6.927732899903829
894,4.576904008213338
895,5.668423695512923
896,4.185178746820586
897,6.61845300531053
898,7.629489317028107
899,2.8729161468100455
900,4.092736749100443
901,3.6620595905148763
902,2.583499223691179
903,3.637839366477844
904,3.53659663166341
905,8.061021969842907
906,4.312770689835393
907,2.945262790623119
908,3.5561307704493546
909,3.1449048688883527
910,3.1263581282862267
911,3.307415584615599
912,1.1165205027756913
913,4.049022021601322
914,6.788014442010487
915,2.414913064651693
916,1.8464931620498528
917,8.09291012888876
918,4.214192762239341
919,8.26223461947731
920,6.10768254468594
921,6.706868561224638
922,3.5055571147723463
923,4.543938962487566
924,2.804780604096953
925,5.282872522916014
926,1.7769431249773244
927,2.815758380813483
928,8.387817330096137
929,7.619647896229435
930,2.8741094152414397
931,6.979351730626314
932,3.221615729610105
933,7.642957384808125
934,8.79713709910788
935,5.77191326004494
936,4.273298391800534
937,7.146578883625506
938,2.787003441439418
939,6.885810107038941
940,7.253111402040017
941,4.290901476952625
942,3.469268227513846
943,3.9137862594017117
944,4.1090061544235725
945,6.989086608842615
946,9.111304399486269
947,4.900193584032133
948,9.240081157363608
949,6.038271636901948
950,4.384354674809386
951,4.158608728922841
952,3.836524820764334
953,1.6517278198476806
954,9.814881489119927
955,5.31042998069329
956,9.101597502472007
957,2.8967348008528964
958,2.940418707235966
959,4.588517065933838
960,2.4934499255188416
961,3.2997238986109907
962,6.570241013293526
963,3.6737955747018285
964,9.65245810749994
965,3.0680770817030125
966,10.605773810631936
967,5.069868537524413
968,3.726716682841674
969,2.452922126058619
970,7.600310209002235
971,10.952337110030506
972,4.263133478131382
973,2.0699590116785
974,10.469574338144659
975,1.9387619310990512
976,4.729437499269895
977,3.7611765405214554
978,6.755429769660199
979,5.528988133201539
980,7.922121629107781
981,8.642699474873496
982,9.605115585588695
983,8.336523490611444
984,2.1475127525499618
985,5.766325764684619
986,4.529223943123776
987,2.269499271033611
988,2.7844119827471543
989,3.801335024984551
990,2.276529489714375
991,7.098751262299437
992,3.0813986206274393
993,1.7935677852774297
994,4.07546923636125
995,3.8253152344627366
996,6.023864695147825
997,3.368600172700611
998,8.877401242653132
999,7.448545775047125
1000,1.6748530523336125
1001,5.677916609072822
1002,2.618850316608868
1003,2.9914870933056537
1004,1.351685712444543
1005,3.768058369749734
1006,3.0361882272969156
1007,6.887878786224367
1008,4.9416364658322
1009,1.7808586139747018
1010,1.8037694362666585
1011,5.0029684589545
1012,2.999455767957284
1013,5.846476672495569
1014,7.307874562319308
1015,4.982421490317249
1016,9.501767002292524
1017,3.7395679134903395
1018,5.759397885639687
1019,1.9247418023544465
1020,8.923538019691502
1021,4.040976315165643
1022,6.038104278068952
1023,7.62146109345872
1024,2.7654938664117794
1025,2.1557168085779814
1026,4.068810984083489
1027,4.204269990847336
1028,7.025635995202795
1029,3.6042312086804045
1030,5.8250565496487425
1031,6.001839060990105
1032,3.4126122371250176
1033,5.448755978801851
1034,1.7116504144385245
1035,3.5344522114262906
1036,7.2112118455427066
1037,6.290785390301023
1038,3.156580949450679
1039,3.5903532292712534
1040,2.7258851426138233
1041,6.342947036495102
1042,5.833392192285958
1043,3.271588204359002
1044,9.08992302627762
1045,4.334058233149034
1046,7.201987577012167
1047,3.5374584794516557
1048,2.6663845104830997
1049,5.562425157125447
1050,3.2517404500876603
1051,2.4890964816965546
1052,4.399321357555733
1053,2.696635889419509
1054,3.6628140362916453
1055,7.586583965078242
1056,2.315957529087793
1057,8.686212878951268
1058,6.716467641505508
1059,4.413151911251896
1060,4.056410514964176
1061,5.8364181876125425
1062,9.801899351857053
1063,3.6018320978328746
1064,8.57608147915423
1065,9.277126626913002
1066,7.505770836112591
1067,3.3079818138278254
1068,4.466847883813465
1069,2.7646275956602615
1070,7.24399402849909
1071,3.101628750951856
1072,1.1443368265151852
1073,8.705389532266507
1074,3.9576866204517303
1075,8.883925658909504
1076,7.252307006172813
1077,4.926134083259531
1078,7.59226459207876
1079,1.0682583334161684
1080,2.6900703045030814
1081,5.331011027004056
1082,3.177876219073276
1083,10.473618122229897
1084,6.340838120390397
1085,4.991423238447626
1086,7.9851965547445785
1087,6.839193887547904
1088,6.981345486872568
1089,9.996978699538019
1090,6.921910628587137
1091,2.6334939324760187
1092,7.064271887527724
1093,3.6396092222937284
1094,7.871768273932392
1095,4.387269357262441
1096,8.330345533261093
1097,5.6133870705830775
1098,5.247808768032145
1099,6.264806847422023
1100,8.746556635482381
1101,4.64190396189404
1102,6.313137894986011
1103,10.771137198462263
1104,4.531344617153242
1105,9.271685595348874
1106,0.9072128230361747
1107,6.4990254860818295
1108,7.753882926558207
1109,6.872670834559949
1110,2.2502993608703634
1111,3.2788413618247696
1112,3.8538097875635935
1113,3.2150166228183537
1114,2.7252417388832635
1115,3.7203002343370613
1116,5.7924480547918344
1117,0.2419746485493406
1118,7.212490297323143
1119,2.883122552968951
1120,3.5037642305367314
1121,2.227323130294171
1122,4.053092261252486
1123,4.970107994963708
1124,9.15276953165869
1125,6.4835923562521645
1126,5.659213716152031
1127,7.101258358815765
1128,3.1027076725355585
1129,7.984470698101274
1130,3.7058224642026154
1131,4.021044049833433
1132,8.855839759673762
1133,2.8929338014389665
1134,6.713569345550445
1135,2.4523938615394214
1136,8.927029318460413
1137,2.98198429380096
1138,2.1380053043809153
1139,6.928086093554872
1140,3.3501940909211
1141,7.305567715535905
1142,4.527427233690407
1143,6.0780937511294155
1144,6.408253960631692
1145,5.37006046314481
1146,4.015162141470773
1147,7.949663337313879
1148,2.694516124142049
1149,6.3091364454091465
1150,8.049285862308547
1151,7.9406795912754955
1152,4.823951696089301
1153,6.7707656353777015
1154,2.626399851555152
1155,8.644458103397758
1156,5.023751160861856
1157,6.00481669209217
1158,2.4778417792506557
1159,5.535557178743484
1160,7.6567004644753025
1161,5.227342069642005
1162,7.625651945228642
1163,1.6869720040018408
1164,5.8326974249456995
1165,5.227245585999181
1166,3.2540814551430968
1167,3.2039107197441745
1168,1.7253614496368292
1169,3.0942523944658578
1170,5.559040212228956
1171,4.130959177038766
1172,3.447464543805617
1173,3.777536753487496
1174,3.883099416173535
1175,1.669326838239731
1176,2.736807111304902
1177,7.287137447921549
1178,5.574143800542632
1179,3.690099308229327
1180,8.883262076695775
1181,10.444057467246015
1182,3.8027622736728213
1183,9.664873598026238
1184,2.68507700793909
1185,9.588631155426764
1186,3.9340223924183086
1187,5.937199173781427
1188,3.8928658743732436
1189,2.909899061613958
1190,8.010153639124846
1191,5.061942606349294
1192,3.791883826668132
1193,2.5610783515016076
1194,2.0603675423697276
1195,8.874825466608181
1196,3.892184819793246
1197,7.1445723578797615
1198,3.3673455861630734
1199,3.7765202354151994
1200,2.3474736120733466
1201,5.6501477272778775
1202,4.380854920619816
1203,4.1248787025974805
1204,6.1395823568195524
1205,5.134070020658175
1206,8.063912668784047
1207,4.653839579511155
1208,7.9912338532107015
1209,2.308822523191798
1210,6.70531525235895
1211,6.331602388138715
1212,1.7891353235612286
1213,3.3013188858070115
1214,6.180595807331886
1215,2.5641631731367114
1216,5.288401066618828
1217,3.8000374175646385
1218,4.685889483914278
1219,2.0658396987598997
1220,0.21841302069102914
1221,6.854546068542291
1222,9.129708129296608
1223,3.584514886809876
1224,7.836301934984545
1225,6.143893487071487
1226,3.8401260656501157
1227,9.075822575001194
1228,2.449779485871416
1229,2.0526179239182145
1230,3.0723282500596527
1231,7.642383509377143
1232,2.138901988752918
1233,7.58076188435831
1234,2.5341556708166793
1235,5.374848169693965
1236,3.4953806071491145
1237,3.921977597610924
1238,3.526667510500154
1239,2.438370863825557
1240,4.453452016317253
1241,7.210359340231966
1242,8.666194990648574
1243,2.5808459461649083
1244,6.608978167859421
1245,7.808540487259242
1246,9.496835302269176
1247,8.090868066646134
1248,2.426405772311379
1249,7.976120434633861
1250,5.441443717287043
1251,2.920805724725323
1252,10.902018779575574
1253,9.386109024779604
1254,3.051883522162962
1255,3.46605125501116
1256,1.892238147992348
1257,7.023115213295435
1258,4.275237976027616
1259,9.150104476717711
1260,4.566867096277308
1261,3.062701099271032
1262,5.722792328917616
1263,1.5097390028348499
1264,9.090164363054491
1265,3.15642651111713
1266,8.859310170882827
1267,8.29326671123574
1268,5.813477018170656
1269,7.3723376280882436
1270,3.264597000647457
1271,5.991659234192633
1272,5.255654113335352
1273,3.9176324410276764
1274,5.622325325722886
1275,2.3924416679072946
1276,1.8228769664935722
1277,2.302217446879309
1278,5.343265915514204
1279,9.165080874642051
1280,7.8181999644051245
1281,9.07580242729502
1282,3.4213621464906963
1283,2.420454118237464
1284,2.1302573424586155
1285,3.2902052464680267
1286,3.3789771540643962
1287,4.284638502537612
1288,1.7339334180324446
1289,5.206294842148738
1290,3.905749674873005
1291,4.041797454020995
1292,3.0885874547577266
1293,5.824509347622474
1294,3.50530942214545
1295,3.6501020877188113
1296,4.155723770966199
1297,7.543681384603509
1298,6.859580470886458
1299,4.775478805654961
1300,3.4019110359776135
1301,3.6856026174164063
1302,8.504038066297728
1303,3.551631332359218
1304,2.160016844866533
1305,4.34463240968188
1306,2.7984107387913197
1307,9.589051084372068
1308,8.177865462510876
1309,4.1631418620246645
1310,7.254607604039383
1311,9.358153485420628
1312,3.3842401107353703
1313,8.518561083939007
1314,9.255893311473944
1315,2.7150392188166164
1316,8.52944434847701
1317,3.970976448100731
1318,5.147965636232105
1319,8.866609301929973
1320,5.268853666702487
1321,3.2811286621014033
1322,4.735699759760735
1323,7.396964721857752
1324,8.421447588945913
1325,3.0820311045420343
1326,6.253134381561687
1327,2.8246048337082543
1328,3.2361151666094017
1329,7.683481742637779
1330,7.129722472654249
1331,2.4580330024656925
1332,1.6051599406380774
1333,7.540355562619856
1334,7.153737669917978
1335,7.567395965500164
1336,2.8811648484783903
1337,6.425838502721987
1338,7.4642206675640095
1339,8.67342948504496
1340,1.8572074749762564
1341,4.645413328344392
1342,6.122893449135434
1343,2.595968255500546
1344,9.532147977692807
1345,5.2419764916770335
1346,8.312924827813351
1347,2.720333130329886
1348,4.529173788879868
1349,1.31532895833275
1350,6.793364489251218
1351,2.386038439227284
1352,7.2083876960732
1353,1.8211739024153897
1354,3.6872022742563937
1355,9.201525296509796
1356,6.706120551065524
1357,3.501300876168604
1358,3.6027594822594535
1359,3.6704751442221037
1360,1.235906563419882
1361,4.093923908129983
1362,4.732925964143734
1363,2.9386086692573152
1364,2.8909900724833486
1365,4.219034630658196
1366,3.4610728472093606
1367,3.0829071728691355
1368,3.2651289523657683
1369,6.030846452124466
1370,6.994520744285642
1371,1.816256756241265
1372,4.987825727843824
1373,8.166774226041996
1374,7.316596745983399
1375,9.307581698693593
1376,3.6866126461123456
1377,1.0117416669087915
1378,7.876145851598982
1379,5.908710336167449
1380,-0.9942198172963511
1381,5.081608423898568
1382,5.781150784525486
1383,3.2108349101355502
1384,6.671086759817179
1385,3.6689972393413397
1386,1.8252882651214573
1387,7.7489176100101655
1388,3.314206528078698
1389,2.380910275166132
1390,3.4172328895542323
1391,3.8802422854591008
1392,2.8415200692238374
1393,5.034341856871662
1394,4.824411773464328
1395,7.537779118129784
1396,6.273561561954574
1397,4.141647945168051
1398,5.345010606279719
1399,4.840796682805008
1400,3.1097964318345728
1401,3.228763756263882
1402,6.620278931550549
1403,6.424218737784287
1404,8.467571442050584
1405,2.5016873427331445
1406,4.040403138411949
1407,2.506163396990092
1408,1.3868907794638405
1409,8.079005728022715
1410,7.071891287497101
1411,4.919569523206631
1412,4.612546277025871
1413,8.222353828019317
1414,1.2091501986237674
1415,9.914399032325356
1416,7.150730726705595
1417,5.248747097998184
1418,4.726887043160737
1419,3.379740528225633
1420,6.539296960138276
1421,8.539710342640108
1422,2.74487491934105
1423,4.982361798867686
1424,8.223079379947956
1425,8.415111222655737
1426,7.316070784200905
1427,1.7172499530053646
1428,6.830239375429843
1429,6.870754421477829
1430,8.737141404173022
1431,5.091409144834986
1432,2.272281318678005
1433,0.8712879016003978
1434,8.58279871599371
1435,9.79671970345462
1436,2.1157943981696894
1437,8.055737787616506
1438,10.17578226298205
1439,3.241977452772523
1440,3.315532544047417
1441,5.442353713025371
1442,2.4199447427197622
1443,7.569571662071273
1444,3.575156978106121
1445,3.7053540789673725
1446,0.2569077045074218
1447,2.724172101979422
1448,1.6928120973452034
1449,1.976130223792013
1450,5.003401938933579
1451,2.8364923735704246
1452,3.4024225805924337
1453,3.297380694908324
1454,8.100239474826196
1455,4.850871478148828
1456,5.5665809785764235
1457,4.54210371573279
1458,4.989922981367824
1459,5.114886547597076
1460,5.486515475728324
1461,7.636123805040998
1462,1.4965486084411068
1463,5.359889116826565
1464,5.248445625979693
1465,9.70026944028109
1466,7.148017922731617
1467,8.550471421524328
1468,2.3581944709773914
1469,5.784958720699957
1470,4.560470342844078
1471,2.789857747435025
1472,7.452247502829872
1473,9.681245464989413
1474,2.4372600513915885
1475,3.003027518125974
1476,9.536587783874861
1477,4.236905667561804
1478,4.878127698980362
1479,3.7468387633316937
1480,4.70703772672469
1481,6.206914234049163
1482,7.257801972736521
1483,2.3852352830657466
1484,7.585262048398411
1485,8.636868587157362
1486,5.207351479551194
1487,3.329379640489833
1488,3.858518085522218
1489,5.392815053568044
1490,-14.49730224531803
1491,3.0312747739877066
1492,7.526497291327357
1493,2.641772651176928
1494,3.325378638326805
1495,2.085112978290456
1496,3.698679008467777
1497,3.181251721069529
1498,7.671202111087351
1499,2.612368030244248
1500,7.670152208834063
1501,4.677408922911671
1502,3.7956756135679255
1503,4.491163502936281
1504,8.6582604814042
1505,3.664689939118946
1506,8.089112954669663
1507,2.076686397657659
1508,5.175919727059182
1509,7.056443350370434
1510,8.049907800263737
1511,8.053409407091014
1512,4.5617821935917195
1513,6.0062396439775565
1514,8.877499879594641
1515,5.249674037461027
1516,9.356951447597
1517,4.093715582243576
1518,2.086328651826345
1519,5.182891767874666
1520,5.6165030896982335
1521,2.4631582345024836
1522,3.4767488747557365
1523,3.0972453573564676
1524,8.374901301805341
1525,8.463530167006157
1526,9.647000842934492
1527,9.143472541824723
1528,1.903000264221983
1529,4.895023934851703
1530,3.6229930211442443
1531,4.678441486520613
1532,4.044087774359921
1533,8.064734638589835
1534,5.2023759796927775
1535,5.692728670590403
1536,4.8797206726063385
1537,1.824679721838065
1538,4.34891973869631
1539,6.147089337664779
1540,1.9879479524530237
1541,6.161469117232912
1542,4.731320692633272
1543,2.621026218745433
1544,1.7043826916405158
1545,4.9193751505048136
1546,7.736921096402263
1547,11.101122406493554
1548,5.409667499614856
1549,10.897259386403064
1550,8.620920177274751
1551,4.495796038229921
1552,10.215795722346682
1553,5.890664225471157
1554,1.5546295264473455
1555,7.823896833405158
1556,1.8857440457385841
1557,1.4782633334514244
1558,8.157475596743119
1559,6.609729556762443
1560,8.536988851821029
1561,1.919072722736343
1562,5.181552459768843
1563,4.365563476753314
1564,2.4897843040899192
1565,8.48080091970514
1566,3.963348171322687
1567,4.298110127686956
1568,8.110134911660705
1569,5.127073249597583
1570,7.475236665080759
1571,3.4140731478820023
1572,7.627034010942987
1573,2.7888190387803804
1574,3.576139171952788
1575,4.579058582000097
1576,3.55965920636764
1577,6.0075862733047325
1578,5.9622071961828755
1579,6.378774577803711
1580,2.757528183892508
1581,3.8140427444217138
1582,2.2233696829176166
1583,2.5565204860536688
1584,3.2389592002172343
1585,1.7069384661503038
1586,8.041028664456368
1587,6.083754956740554
1588,6.719256163447677
1589,6.24639012524256
1590,3.7550758227890926
1591,7.554856829348975
1592,8.416453329852084
1593,6.958089394159272
1594,3.5140176727508026
1595,8.547646543606694
1596,1.9728444633467561
1597,5.022912410329348
1598,5.785273469193493
1599,4.898160404203619
1600,6.338077353063473
1601,3.078772389674892
1602,2.104937282897109
1603,5.951015032288323
1604,1.2353744729559655
1605,6.9624034296478285
1606,2.2774259792260834
1607,3.0394719948177324
1608,3.2416140037391763
1609,4.098095434594575
1610,3.933480895167533
1611,3.3001761052667256
1612,4.077527420161125
1613,6.880204469670633
1614,0.4525926148278341
1615,5.150298743930888
1616,4.32967256262887
1617,6.206285218633983
1618,7.627585572643042
1619,3.635527395849323
1620,8.124301570479123
1621,3.2078679701765673
1622,6.846111461913994
1623,8.806805840499623
1624,4.354439076781579
1625,3.1587342348076244
1626,3.6169694782662773
1627,7.0125643154185555
1628,7.650266737530734
1629,7.574622387160616
1630,9.676392925143167
1631,3.1930217871773783
1632,6.762702881699786
1633,9.023497336182361
1634,4.418386180824618
1635,2.9807122403378132
1636,6.145099597940758
1637,3.5279654514639915
1638,3.8125722692780832
1639,8.519131769895983
1640,2.922702745921998
1641,4.280584553804802
1642,7.703381360139903
1643,6.01760983786667
1644,4.141591407677955
1645,9.168478320898268
1646,7.641277064547204
1647,8.99437818342567
1648,3.2374701215862522
1649,5.15034862903292
1650,7.69345293756931
1651,9.03940907545475
1652,3.071718985760454
1653,4.335138449990564
1654,3.3249698435356967
1655,8.8807843294691
1656,3.2304110289849204
1657,9.41823182846413
1658,4.551767612414208
1659,4.339593737255958
1660,4.785421209699381
1661,4.644321407803597
1662,7.409912710769693
1663,2.9216136805136004
1664,6.726118937618978
1665,10.600746724340894
1666,7.719710583223915
1667,5.80806115496115
1668,2.745834117968168
1669,4.005383372571844
1670,1.4468826429340742
1671,1.8673166511333723
1672,2.275295805803987
1673,5.9907157698510245
1674,1.767497002844913
1675,3.6914983284155753
1676,4.202758849703424
1677,5.771297140285805
1678,3.8552324243897695
1679,7.511303914100722
1680,6.143263872672618
1681,7.556621677925818
1682,3.4665465850151236
1683,4.702872069120742
1684,7.0439277569813585
1685,6.4109203350556925
1686,2.246522558183306
1687,9.189363812345988
1688,7.478527866100913
1689,4.334802401970602
1690,1.7400748994508715
1691,4.5607917455506
1692,2.6051087879944985
1693,1.0823706574568996
1694,6.998303209576879
1695,7.668127583914545
1696,3.0599275806329063
1697,2.400145403855389
1698,3.318278098235292
1699,3.2607484653396837
1700,10.419976104244341
1701,3.020914580058798
1702,4.4887098494112605
1703,6.849248768138283
1704,3.2124421994465635
1705,3.830858728045029
1706,1.9845745797599583
1707,6.090591815913397
1708,6.084789975483509
1709,1.2963907140808248
1710,6.084815660293539
1711,3.170413754763513
1712,8.941695971867215
1713,8.104908715054206
1714,3.6596509672683952
1715,6.137991310822921
1716,1.9485491228145346
1717,7.410696882894216
1718,2.2404015522813046
1719,4.9671106278234785
1720,6.370916240179458
1721,10.104210434178896
1722,2.953440242862549
1723,7.702753752361561
1724,4.466707200382853
1725,5.717189555900669
1726,6.712886249947223
1727,7.783265804447433
1728,9.822335521024439
1729,7.337346471318115
1730,9.098352560739924
1731,2.3674447721597014
1732,3.1154540810010767
1733,11.333344651621433
1734,7.680751835612314
1735,1.844611450534614
1736,3.0826354154653424
1737,6.924858935397779
1738,2.015474697658587
1739,5.699567436289071
1740,3.5865013868140045
1741,2.7937221379038815
1742,9.418642799125454
1743,6.360596706411392
1744,1.5128762708412027
1745,5.647964089593139
1746,5.250610869091192
1747,7.1657971151651765
1748,3.709825237778593
1749,9.952714602158192
1750,2.030512773984819
1751,9.908249737057115
1752,8.540684244263007
1753,5.920783177992815
1754,7.770547401530531
1755,3.5106976253577526
1756,1.521993926314346
1757,2.34674712562735
1758,2.3176213686381137
1759,4.5247206614787014
1760,10.416523461327667
1761,7.254834542774785
1762,7.398400535081028
1763,6.284413740659785
1764,2.884823034232388
1765,5.013038275119912
1766,7.171393880330415
1767,8.003898016866028
1768,9.578429945016476
1769,10.559347858539038
1770,2.841865131728247
1771,2.1274877824851095
1772,9.600636764709842
1773,6.016883952692115
1774,6.926540809297796
1775,3.470060089349302
1776,1.9949304774586918
1777,5.880072786814684
1778,4.123188335924458
1779,7.313434906748872
1780,3.2652691944365912
1781,3.314535463280265
1782,9.718680611985706
1783,4.959061872157088
1784,3.34635807099272
1785,2.5143394682878504
1786,1.1468677612594265
1787,4.048839984174318
1788,3.0235064506579556
1789,3.4448259410453064
1790,7.59454746195852
1791,3.767855069016478
1792,4.254960019298962
1793,3.33250176190125
1794,3.7143159037393927
1795,1.306382015959602
1796,3.180383784476329
1797,2.543728750312493
1798,2.1666584840656067
1799,4.913697270962808
1800,4.811510528545163
1801,3.2236555075892803
1802,5.952851777488588
1803,3.6899246942455286
1804,2.8889098679834264
1805,8.715226575751405
1806,7.432502903574848
1807,5.678870722121677
1808,2.866822215778461
1809,8.853718607234734
1810,4.776789392723558
1811,2.307343615378549
1812,8.629580404978158
1813,4.889612644427186
1814,3.7298915988776393
1815,10.321109713698753
1816,4.062338563480639
1817,2.080315266001008
1818,7.179518891269796
1819,5.808973910980028
1820,2.34606714290379
1821,4.1137217547295615
1822,6.293769890723308
1823,4.571198048410208
1824,2.6337986385424186
1825,1.2723271875583793
1826,7.7093415998928005
1827,2.8506102484616873
1828,0.8064380017919597
1829,3.133923779905067
1830,2.2671987901520745
1831,8.613291947466834
1832,3.354859364370946
1833,6.653814210513535
1834,6.1047362346758725
1835,3.255255199613097
1836,7.535935814088075
1837,7.192211863117909
1838,8.69124437422362
1839,7.298899506322559
1840,10.053555979740876
1841,4.934970488608051
1842,3.026477041444676
1843,3.0345615173490526
1844,5.934056038640287
1845,8.0994056378398
1846,7.644975155387849
1847,4.628325593219605
1848,3.1860661406473105
1849,7.836845540327301
1850,5.673182851846209
1851,4.192590496909145
1852,1.624371671440143
1853,8.976133698378087
1854,7.634701658688245
1855,6.849121187861414
1856,8.633950953387208
1857,2.266938040867676
1858,3.8666566497809987
1859,10.505942111642458
1860,11.04040368526842
1861,5.274530671587185
1862,5.777462204181471
1863,3.511514218757835
1864,3.9368267012763183
1865,2.0808864084519896
1866,3.814352965290079
1867,3.2315028424541183
1868,8.443812687240676
1869,4.588522340530356
1870,4.526868626836271
1871,4.268797145341962
1872,5.837849254512723
1873,4.25087201557547
1874,3.3587149581239126
1875,8.552807234994058
1876,3.026921164182193
1877,3.6331887387637893
1878,2.4024958461911075
1879,2.868578218352762
1880,9.899933032573234
1881,3.4182678335922745
1882,4.899578561438519
1883,7.470685349542205
1884,2.1839286307530843
1885,3.373332733366355
1886,6.190748800575875
1887,6.875912246216316
1888,4.423405635008902
1889,2.913897999980374
1890,2.6825195146587317
1891,2.612737091271952
1892,5.635548326463027
1893,4.947139274675215
1894,6.662858124803904
1895,3.4298211376862655
1896,3.5847544996674
1897,8.491151372961884
1898,1.3392727654376546
1899,6.608938633730865
1900,6.534527931742832
1901,8.703227103855985
1902,5.447839132655107
1903,5.707057640082027
1904,6.400970501091732
1905,4.195343357820195
1906,4.744086946490674
1907,6.379637736788238
1908,4.900386805659656
1909,4.634395473874802
1910,4.6368889854973485
1911,5.520227582220416
1912,8.518768748846464
1913,5.112678073307549
1914,1.6750221224038255
1915,4.151545899137328
1916,8.736447656562177
1917,4.677067498444635
1918,9.046500477266594
1919,5.241341776183663
1920,2.3553279206827664
1921,7.159198917355978
1922,6.860860923405822
1923,5.089617995569879
1924,8.476089737477542
1925,6.499422113699242
1926,2.8220295870537093
1927,1.6480647908590782
1928,6.974046276469885
1929,5.150657521423067
1930,5.052729616167115
1931,1.7231606566900126
1932,5.671446279186753
1933,4.391238594996031
1934,9.539720925133159
1935,1.14437461255722
1936,5.997126723580472
1937,6.574300489010025
1938,2.891339972565084
1939,-0.2633935212649541
1940,10.70439191402873
1941,8.193473233898583
1942,2.4053756153946777
1943,2.203473197155464
1944,8.767217040832515
1945,7.333883388072887
1946,6.003220427120599
1947,4.87471021925492
1948,9.232334946854532
1949,4.279930587183797
1950,4.811741192980345
1951,3.3870678604189903
1952,5.267899938803803
1953,2.5835022039252236
1954,4.358276670020535
1955,5.319971164496391
1956,3.798688702564868
1957,7.6766366388931555
1958,1.7559143036440354
1959,2.4724825404232718
1960,9.315518592300165
1961,5.371865461454255
1962,7.202340954743124
1963,2.3595057791648406
1964,4.870781998378517
1965,3.7183319291834396
1966,4.033912298925398
1967,3.113451025353906
1968,2.2769264909877505
1969,4.798170527442931
1970,1.4066591649992257
1971,3.4933143448919397
1972,4.602318129061078
1973,8.783818773801357
1974,4.239633070183581
1975,3.593017581692891
1976,0.3995760911925712
1977,3.747248834154816
1978,9.623575394157765
1979,3.5394603451055233
1980,2.171886027611923
1981,3.2708153879007478
1982,3.791588432312431
1983,3.6540021387929413
1984,5.310773766545964
1985,2.4095864271765874
1986,1.6876016490564898
1987,3.1896132620123336
1988,7.870721755106279
1989,4.148948354256521
1990,4.059976010162267
1991,3.327099698819582
1992,5.83704188030765
1993,3.012581302310351
1994,2.8681841894878213
1995,7.648067352871237
1996,6.1668893035476815
1997,3.250041012208863
1998,8.03646665652352
1999,4.5166156926253205
2000,7.117486710509311
2001,5.777339435669721
2002,1.8785423404264772
2003,9.236468725765318
2004,8.576100085723573
2005,4.339593013430997
2006,5.282143632836204
2007,9.28611730791766
2008,5.084351528556017
2009,5.989264796102905
2010,1.2212196255827856
2011,4.676702864879266
2012,4.56507421020792
2013,109.81257878653851
2014,2.9399413963583894
2015,8.074841683280102
2016,4.142007638183985
2017,0.9467682103025059
2018,3.8370848698003868
2019,2.6820331136559554
2020,7.369252478895317
2021,3.081533844253224
2022,2.1437841718331674
2023,5.65266565161429
2024,4.530753779921888
2025,6.3916494548754414
2026,3.269369898179234
2027,3.366192766080045
2028,3.465625606150315
2029,3.1028543101102395
2030,3.1286471081027374
2031,6.423586899794655
2032,6.224648316823299
2033,10.373639374206736
2034,3.829456224317185
2035,9.821935056790968
2036,3.447760421130532
2037,2.5655231383007147
2038,4.219078767248946
2039,6.6072832596200595
2040,7.796982558459317
2041,0.51951267543032
2042,7.078349404517678
2043,4.282750217918327
2044,7.707494738824332
2045,4.599623290690417
2046,3.1331870056779394
2047,8.81128021776773
2048,1.655016360209581
2049,5.90313734890019
2050,1.8114443806136715
2051,0.7599386095189951
2052,7.524877566867471
2053,3.4593432463436438
2054,3.565318242735932
2055,4.7305547059971875
2056,3.9788437219419834
2057,3.1550531884291986
2058,2.2808939331857188
2059,3.059792154944771
2060,8.741966185041843
2061,4.131204281531348
2062,5.229643904905533
2063,4.6784768698696135
2064,4.501877326644276
2065,8.265767978678095
2066,4.291514529003371
2067,5.708683856154378
2068,6.213973690161806
2069,8.851256918122044
2070,4.4417047576999265
2071,3.320876218123029
2072,8.620127471952447
2073,8.19385412915013
2074,2.480542091519335
2075,4.182567065211451
2076,2.891508413108063
2077,6.846300122704728
2078,1.3023913474849187
2079,2.095754398368606
2080,5.149037738132023
2081,1.1612797252811595
2082,9.01638592531956
2083,8.281824479551641
2084,3.0717976665223583
2085,6.571092417988353
2086,7.8515299399045
2087,1.9171525614440579
2088,4.99727474530958
2089,2.5548731511783016
2090,7.704935010766455
2091,2.9604957316749347
2092,2.567867648225414
2093,3.0801689698438213
2094,3.023228009252959
2095,2.1730041359252823
2096,4.429201058039817
2097,6.716633709109198
2098,2.622915253768881
2099,5.840317869120861
2100,5.887739878254589
2101,2.069130160790413
2102,7.5122395485056
2103,8.458099785470777
2104,4.635730673794013
2105,2.428834855429877
2106,4.019543338589115
2107,2.029321982783706
2108,7.070667437171117
2109,6.030306096180073
2110,2.1354827815164916
2111,4.771566504504345
2112,2.6124464519310266
2113,1.8249178071780072
2114,9.137076881015783
2115,3.0061255821674266
2116,9.132265324734215
2117,3.2959801554951995
2118,9.765227944829725
2119,7.20072781448868
2120,1.01702472954649
2121,3.5212786120510153
2122,5.122911161270261
2123,3.304487326591824
2124,8.829716256976095
2125,8.086956607801465
2126,4.762546851743243
2127,1.8512210064819346
2128,6.652227416142883
2129,7.243794065855122
2130,4.55915269716505
2131,2.3075347773673514
2132,2.19934752469804
2133,9.23279758178639
2134,6.388390680201207
2135,10.016353706841269
2136,8.97813532388219
2137,9.017838733229222
2138,8.751313266377792
2139,4.363140179528417
2140,6.359341283081756
2141,8.402049408655609
2142,5.3252968108261305
2143,10.15525452829639
2144,10.234827476166334
2145,3.303112148951363
2146,4.594985760178734
2147,4.4074380438699565
2148,5.87935022512885
2149,1.9560757874774943
2150,5.403438306264385
2151,3.9173697539941514
2152,9.252222384849974
2153,1.79113368797768
2154,8.215258093824051
2155,4.365244974086825
2156,3.021805979463816
2157,4.047916218328872
2158,4.9135362132652896
2159,2.7845894235511794
2160,3.455498723955619
2161,5.80144236361698
2162,7.99218513480713
2163,7.489920008095529
2164,8.170685803830128
2165,3.9048226269705877
2166,6.6462973247692885
2167,8.032725399310243
2168,5.521189275372249
2169,9.048950195911955
2170,1.9925072868002782
2171,3.052776859053482
2172,4.065596363056061
2173,3.479266686039142
2174,9.253589323579297
2175,7.1917799585246085
2176,6.5119617785843245
2177,4.132940730853624
2178,3.107028735192679
2179,5.481672184067616
2180,6.678956840000247
2181,7.097252367400543
2182,5.133324567999903
2183,7.825175948857253
2184,7.272804118754939
2185,7.721456019642358
2186,3.6756644954688182
2187,3.4931736149586796
2188,4.081623456772077
2189,2.4854420302924822
2190,6.790866304587229
2191,4.219512314151774
2192,4.2742784458071705
2193,2.746174480532047
2194,6.517405220803743
2195,3.0326864903892816
2196,7.337433874173897
2197,10.197040877274315
2198,8.781906321842204
2199,3.996677928427276
2200,8.00370431019425
2201,7.046984377417107
2202,6.137865392480363
2203,3.006101473479519
2204,6.927668678245533
2205,8.844959354662029
2206,9.04004419943741
2207,1.8584295831862234
2208,3.2226840515802615
2209,1.5192605888862523
2210,6.3230761951875305
2211,8.059530820741454
2212,6.868793060741356
2213,3.885680855534358
2214,5.2229975171364185
2215,4.363643416569365
2216,4.6183425162854785
2217,2.6297582397775034
2218,4.44147099097296
2219,3.0073604155900404
2220,7.452727183553236
2221,2.3581266965564014
2222,2.5452924176525693
2223,6.912946591677118
2224,4.2361349010474845
2225,6.046392720080777
2226,10.475702138180438
2227,4.245925499733208
2228,3.769001469714719
2229,5.6333780664092075
2230,6.341778285986264
2231,2.129775514341176
2232,4.584204230783525
2233,10.172975060705223
2234,8.869797146848569
2235,7.807364260183322
2236,8.502420409407893
2237,4.588847837839113
2238,5.7070428658848815
2239,6.461260218307272
2240,7.622235825961225
2241,4.0900704345184975
2242,9.435690356333044
2243,3.858372375932774
2244,5.989469748053975
2245,5.113564146699067
2246,6.518374101429688
2247,3.5583530589484567
2248,5.32639043782192
2249,3.2521908861105993
2250,2.348345826789477
2251,4.989537438899741
2252,8.378336108566526
2253,8.11645945482469
2254,3.5554049701424164
2255,3.346128440042766
2256,3.39257069841805
2257,2.1416789856838525
2258,2.4923316254066044
2259,9.485829456022966
2260,3.2668700736270666
2261,2.9406174150237185
2262,2.0907838221229214
2263,4.527067732878725
2264,2.5917417195661736
2265,5.9463525217381985
2266,9.366918640443378
2267,2.861828395069545
2268,4.153432590706857
2269,1.3606996316848774
2270,4.1118748145745085
2271,6.051881353340024
2272,8.388377345418133
2273,8.264965904140519
2274,6.18696588571842
2275,3.020030344485679
2276,9.435885592837412
2277,8.11049618477561
2278,2.503517620009137
2279,4.332945133859357
2280,2.1976971541971486
2281,1.7788058353392995
2282,8.43912414268073
2283,7.00583594059823
2284,2.978060216006579
2285,6.361046639318021
2286,3.36695391847949
2287,7.2231122290008845
2288,3.240011647424365
2289,5.4484632782258755
2290,8.117947986523657
2291,4.1325489945812155
2292,2.6785550108950655
2293,6.7624865797844915
2294,2.426871166357158
2295,3.163587060214391
2296,7.291215413764318
2297,5.70364302854567
2298,7.351080122772494
2299,7.058055698791077
2300,4.472327253513685
2301,5.525368921337143
2302,8.659475287063596
2303,5.848073553222138
2304,4.394612285008807
2305,9.019028611969423
2306,5.322304920115208
2307,5.30433920476994
2308,6.96778222286293
2309,4.4398724239406
2310,5.022783063668532
2311,3.7830643092244456
2312,7.642480355889153
2313,4.6628927141004635
2314,2.6012668186640537
2315,4.469090379581469
2316,5.760772897777613
2317,2.584631717493626
2318,3.479370611588423
2319,9.080617755208886
2320,3.1542192484626077
2321,3.071591026170622
2322,2.03050152243165
2323,1.7171732647251077
2324,2.8321515124242467
2325,4.3665667679921985
2326,6.129915116327908
2327,7.208188042388589
2328,4.754286249319284
2329,0.9611503818527602
2330,9.884398895880977
2331,7.223214159810828
2332,5.703421572968223
2333,2.556564372935691
2334,7.247029420400932
2335,4.433585717668878
2336,3.4623553602776105
2337,6.32775811396178
2338,6.998996848972075
2339,4.770645339535415
2340,4.989698967762193
2341,5.271101637737543
2342,3.1907891203266443
2343,9.186907430437879
2344,5.233145315521364
2345,4.441381928617356
2346,6.61515301551033
2347,9.44345213589508
2348,6.979731211225449
2349,3.1767119655150786
2350,5.813098316774477
2351,2.251391331599467
2352,2.2524153401272735
2353,6.853419871682379
2354,-0.10140968357448413
2355,8.344338950697727
2356,7.872416834921819
2357,5.137176775198902
2358,3.632216861056837
2359,4.351783900945196
2360,6.714704301813514
2361,3.19323516259998
2362,6.333647096461528
2363,3.405351319488151
2364,6.255010951317781
2365,4.960922887077133
2366,6.472622748807967
2367,8.318047247648954
2368,3.377262002672544
2369,4.305062119275816
2370,7.966529618239382
2371,2.4490226792373795
2372,7.187304129542009
2373,4.180981765417103
2374,4.058636179841786
2375,10.342111551591794
2376,1.8171547487623658
2377,3.856749135595172
2378,9.127377931523124
2379,1.9041739983508763
2380,4.781959977036966
2381,5.087466736943206
2382,5.13937808623309
2383,1.6880162502633247
2384,4.770704179210607
2385,5.980637766747516
2386,3.090637448743457
2387,3.104414548658139
2388,2.9886925668731044
2389,4.592914570313173
2390,3.5270766575700216
2391,3.483664352408282
2392,3.796685319303325
2393,3.074913164349888
2394,2.047917091295848
2395,8.858154197790567
2396,7.920513891352584
2397,6.089102173606981
2398,3.600021610202367
2399,8.078871531769966
2400,8.79208837569917
2401,7.809664402837069
2402,7.74087051097847
2403,5.2032750787801465
2404,8.9758875846052
2405,3.757476255333322
2406,9.428341230853556
2407,6.082240823759361
2408,8.656017287339697
2409,3.487017132838256
2410,3.756913161861129
2411,9.405648578502865
2412,3.332789001031042
2413,5.568872243633667
2414,2.201508356971414
2415,1.4064016547355422
2416,9.3172199577667
2417,4.540654197538652
2418,5.085551663810386
2419,8.014797814762705
2420,5.276863795309
2421,9.981848792597313
2422,4.332105954385993
2423,2.8189485136205215
2424,6.4214756826357755
2425,4.9002997947429145
2426,3.230441656335927
2427,9.57543296403959
2428,4.914151404915672
2429,6.352144629432998
2430,1.5243581581283507
2431,3.6160461818556726
2432,6.176433675981218
2433,7.874472097306699
2434,3.5879752930704045
2435,6.645998479640452
2436,8.386244640366186
2437,8.436725491436961
2438,4.834643158642218
2439,3.43913760711596
2440,6.47087481934008
2441,4.978876453316416
2442,2.924763690167461
2443,8.514194145697832
2444,3.0491902783997538
2445,1.4232020736376767
2446,2.692667794022023
2447,2.6103265816048884
2448,4.202442629690676
2449,8.347579463063639
2450,4.747226408961103
2451,3.2968709403807153
2452,2.023090704408472
2453,4.349984696895532
2454,2.198184586408821
2455,8.328154625854818
2456,5.586903185940111
2457,7.686902054427593
2458,5.312249081282716
2459,3.899568743455512
2460,9.215998752381548
2461,6.837527745908633
2462,5.044708984078929
2463,8.784787097308852
2464,8.71932999188562
2465,7.170665391124619
2466,5.759878620294227
2467,3.793592133132475
2468,5.894879158323407
2469,4.3281695879751645
2470,4.07996746981482
2471,4.889147706745108
2472,2.4087366605325196
2473,7.699195101019134
2474,2.155350392068471
2475,1.060260246336983
2476,4.446206507834733
2477,4.823716584883646
2478,2.141861232894059
2479,7.614707235274028
2480,2.0759290586376364
2481,2.4256583663549316
2482,3.487157452631835
2483,3.540767866747614
2484,5.465179719226765
2485,8.801322615158684
2486,5.036331971630879
2487,4.746649227357892
2488,5.865043310755439
2489,3.078775143297727
2490,4.735640314866911
2491,1.8824044471535533
2492,2.981574431079822
2493,2.1952398225512053
2494,5.390425614578296
2495,5.5728823209401455
2496,6.982973128642763
2497,5.5418883129763445
2498,3.6707042541594377
2499,6.445220562967515
2500,4.4527869576380485
2501,2.2952382274346155
2502,6.227755160637286
2503,0.7610213462615455
2504,8.742706310304076
2505,2.763652866859267
2506,3.4773152308336703
2507,3.8413968587671987
2508,3.9592999794103285
2509,2.263685064950166
2510,8.819037430124178
2511,3.531322267975854
2512,2.96042500724084
2513,10.421883731627952
2514,8.069949036866221
2515,9.758920295297537
2516,6.779795923382347
2517,8.484062050812177
2518,1.6441115553795658
2519,5.62782903064789
2520,7.5093281757847805
2521,5.841042539930494
2522,8.740678497499895
2523,5.584852619243162
2524,2.181426942639738
2525,3.2847983347172436
2526,7.265199044184084
2527,7.979717972326386
2528,1.9830620903060514
2529,1.7501440103763664
2530,3.596851199429497
2531,3.366478175480645
2532,8.597553960718697
2533,7.238935775435041
2534,5.359534512804187
2535,3.0215229141435436
2536,6.994548084584072
2537,7.105305449252947
2538,2.0079646607871666
2539,3.5420744071508024
2540,7.202651881488987
2541,2.4762971054306706
2542,5.144831362534536
2543,3.379380888820876
2544,5.1878352658271245
2545,6.016456017262
2546,3.2752544816058617
2547,7.910235733968852
2548,3.888991689221889
2549,10.272823991879969
2550,1.7801876758191522
2551,7.744609714614202
2552,5.1992488182504015
2553,3.9173339259882702
2554,2.3565588286844052
2555,4.155970392094078
2556,3.8470144919143214
2557,2.4916305280568265
2558,4.586892176129235
2559,4.4775074133311845
2560,2.1653163810646108
2561,6.995338202355811
2562,3.1651776034767054
2563,7.104710126751428
2564,3.30361882329332
2565,6.039420398080598
2566,9.15835203575838
2567,5.411070914286244
2568,6.136875398769741
2569,7.425122148877532
2570,2.5613902840729716
2571,3.875856020920473
2572,5.876706184718663
2573,3.9712698258252614
2574,4.231910757420354
2575,3.706994813215662
2576,9.518680747466437
2577,6.042442275989506
2578,8.667164122867376
2579,4.603495399216728
2580,6.72721244092637
2581,6.00418449584082
2582,2.6476382819353166
2583,3.695649719850715
2584,7.181863722963688
2585,2.0693101809803425
2586,4.596168300457761
2587,8.472939756647815
2588,4.95690061594594
2589,7.8864324590392725
2590,2.7270729842466173
2591,4.892925958063619
2592,1.5529821930569567
2593,2.1145250018166095
2594,9.268097791469332
2595,3.650107883020978
2596,5.618783127233547
2597,8.492164277992007
2598,4.578896306208067
2599,4.601652483290351
2600,6.072867475998228
2601,3.5988665401266156
2602,3.612338279487993
2603,3.6073691371719647
2604,0.5898021171197299
2605,5.354712669382505
2606,6.269038904658248
2607,1.1960067749359122
2608,3.412391979568123
2609,3.3242853965285297
2610,6.419204281754236
2611,7.551343304359293
2612,4.95044332829542
2613,8.735969511904981
2614,6.109427796433922
2615,7.987745891071
2616,2.4977686543678668
2617,8.018622532487893
2618,5.749900561275317
2619,4.631189371394489
2620,5.822667711278282
2621,2.4693361232533
2622,1.3866138777083568
2623,8.8146192674597
